"assigned_user_id","buyer_fname","buyer_lname","period_start","period_end","period_year","period_quarter","total_leads","total_upsheets","leads_with_opportunity","lead_to_opportunity_conversion_rate","total_opportunities","opportunity_upsheets","delivered_upsheets","sold_upsheets","delivered_opportunity_upsheets","close_rate","total_expected_amount","latest_expected_amount","total_sale_value","avg_sale_value","realization_amount","realization_percent"
1,"Buyer1","User1","2018-01-01","2018-03-31","2018","1","6","5","4","66.67","0","0","3","1","2",NULL,"0","0","6855.00","6855.00","0",NULL
1,"Buyer1","User1","2018-04-01","2018-06-30","2018","2","6","5","4","66.67","0","0","4","4","4",NULL,"0","0","31920.00","7980.00","3365.00","16.40"
1,"Buyer1","User1","2018-07-01","2018-09-30","2018","3","2","2","2","100.00","0","0","2","1","2",NULL,"0","0","9105.00","9105.00","955.00","11.72"
1,"Buyer1","User1","2018-10-01","2018-12-31","2018","4","2","2","1","50.00","0","0","1","2","0",NULL,"0","0","21510.00","10755.00","1155.00","12.76"
1,"Buyer1","User1","2019-01-01","2019-03-31","2019","1","1","1","1","100.00","0","0","2","0","2",NULL,"0","0","0",NULL,"0",NULL
1,"Buyer1","User1","2019-04-01","2019-06-30","2019","2","1","1","1","100.00","0","0","0","0","0",NULL,"0","0","0",NULL,"0",NULL
1,"Buyer1","User1","2019-10-01","2019-12-31","2019","4","1","1","1","100.00","0","0","0","0","0",NULL,"0","0","0",NULL,"0",NULL
1,"Buyer1","User1","2020-01-01","2020-03-31","2020","1","0","0","0",NULL,"0","0","1","1","1",NULL,"0","0","19005.00","19005.00","1855.00","10.82"
1,"Buyer1","User1","2026-01-01","2026-03-31","2026","1","0","0","0",NULL,"15","14","0","0","0","0.00","128120.00","122070.00","0",NULL,"0",NULL
2,"Buyer2","User2","2018-01-01","2018-03-31","2018","1","6","5","4","66.67","0","0","3","1","2",NULL,"0","0","6685.00","6685.00","0",NULL
2,"Buyer2","User2","2018-04-01","2018-06-30","2018","2","6","5","4","66.67","0","0","4","3","3",NULL,"0","0","23830.00","7943.33","2525.00","20.22"
2,"Buyer2","User2","2018-07-01","2018-09-30","2018","3","2","2","2","100.00","0","0","2","2","2",NULL,"0","0","17770.00","8885.00","1770.00","10.97"
2,"Buyer2","User2","2018-10-01","2018-12-31","2018","4","1","0","0","0.00","0","0","0","1","0",NULL,"0","0","10510.00","10510.00","1310.00","14.24"
2,"Buyer2","User2","2019-01-01","2019-03-31","2019","1","2","2","2","100.00","0","0","2","1","2",NULL,"0","0","12710.00","12710.00","1410.00","12.48"
2,"Buyer2","User2","2019-04-01","2019-06-30","2019","2","1","0","0","0.00","0","0","0","0","0",NULL,"0","0","0",NULL,"0",NULL
2,"Buyer2","User2","2019-10-01","2019-12-31","2019","4","1","1","1","100.00","0","0","0","0","0",NULL,"0","0","0",NULL,"0",NULL
2,"Buyer2","User2","2020-01-01","2020-03-31","2020","1","0","0","0",NULL,"0","0","1","1","1",NULL,"0","0","19310.00","19310.00","2010.00","11.62"
2,"Buyer2","User2","2026-01-01","2026-03-31","2026","1","0","0","0",NULL,"14","13","0","0","0","0.00","117020.00","110220.00","0",NULL,"0",NULL
3,"Buyer3","User3","2018-01-01","2018-03-31","2018","1","6","5","4","66.67","0","0","3","2","2",NULL,"0","0","12880.00","6440.00","1980.00","18.50"
3,"Buyer3","User3","2018-04-01","2018-06-30","2018","2","6","5","5","83.33","0","0","4","2","4",NULL,"0","0","15655.00","7827.50","1905.00","13.85"
3,"Buyer3","User3","2018-07-01","2018-09-30","2018","3","2","2","1","50.00","0","0","1","1","1",NULL,"0","0","8665.00","8665.00","1600.00","22.65"
3,"Buyer3","User3","2018-10-01","2018-12-31","2018","4","1","1","1","100.00","0","0","1","2","1",NULL,"0","0","22730.00","11365.00","1665.00","16.24"
3,"Buyer3","User3","2019-01-01","2019-03-31","2019","1","2","2","1","50.00","0","0","2","1","1",NULL,"0","0","13015.00","13015.00","1865.00","16.73"
3,"Buyer3","User3","2019-04-01","2019-06-30","2019","2","1","1","1","100.00","0","0","1","1","1",NULL,"0","0","14115.00","14115.00","0",NULL
3,"Buyer3","User3","2019-10-01","2019-12-31","2019","4","1","0","1","100.00","0","0","0","0","0",NULL,"0","0","0",NULL,"0",NULL
3,"Buyer3","User3","2020-01-01","2020-03-31","2020","1","0","1","0",NULL,"0","0","1","1","1",NULL,"0","0","19615.00","19615.00","2465.00","14.37"
3,"Buyer3","User3","2026-01-01","2026-03-31","2026","1","0","0","0",NULL,"15","14","0","0","0","0.00","125540.00","118290.00","0",NULL,"0",NULL
4,"Buyer4","User4","2018-01-01","2018-03-31","2018","1","6","5","4","66.67","0","0","3","2","3",NULL,"0","0","13015.00","6507.50","1665.00","14.25"
4,"Buyer4","User4","2018-04-01","2018-06-30","2018","2","6","5","4","66.67","0","0","3","2","2",NULL,"0","0","16265.00","8132.50","2515.00","18.26"
4,"Buyer4","User4","2018-07-01","2018-09-30","2018","3","2","1","1","50.00","0","0","2","1","1",NULL,"0","0","9495.00","9495.00","0",NULL
4,"Buyer4","User4","2018-10-01","2018-12-31","2018","4","1","1","1","100.00","0","0","0","1","0",NULL,"0","0","11220.00","11220.00","820.00","7.88"
4,"Buyer4","User4","2019-01-01","2019-03-31","2019","1","2","1","1","50.00","0","0","1","1","1",NULL,"0","0","12320.00","12320.00","1020.00","9.03"
4,"Buyer4","User4","2019-04-01","2019-06-30","2019","2","1","1","1","100.00","0","0","1","1","1",NULL,"0","0","14520.00","14520.00","1120.00","8.36"
4,"Buyer4","User4","2020-01-01","2020-03-31","2020","1","1","1","1","100.00","0","0","0","1","0",NULL,"0","0","18920.00","18920.00","1620.00","9.36"
4,"Buyer4","User4","2026-01-01","2026-03-31","2026","1","0","0","0",NULL,"14","13","0","0","0","0.00","119570.00","111270.00","0",NULL,"0",NULL
5,"Buyer5","User5","2018-01-01","2018-03-31","2018","1","5","5","4","80.00","0","0","3","2","2",NULL,"0","0","12575.00","6287.50","1510.00","29.96"
5,"Buyer5","User5","2018-04-01","2018-06-30","2018","2","7","5","4","57.14","0","0","4","4","4",NULL,"0","0","29650.00","7412.50","2750.00","10.14"
5,"Buyer5","User5","2018-07-01","2018-09-30","2018","3","2","2","1","50.00","0","0","1","1","0",NULL,"0","0","9275.00","9275.00","1425.00","18.15"
5,"Buyer5","User5","2018-10-01","2018-12-31","2018","4","1","1","1","100.00","0","0","1","0","1",NULL,"0","0","0",NULL,"0",NULL
5,"Buyer5","User5","2019-01-01","2019-03-31","2019","1","2","2","1","50.00","0","0","0","1","0",NULL,"0","0","12625.00","12625.00","0",NULL
5,"Buyer5","User5","2019-04-01","2019-06-30","2019","2","1","1","1","100.00","0","0","2","2","2",NULL,"0","0","28550.00","14275.00","2950.00","11.51"
5,"Buyer5","User5","2020-01-01","2020-03-31","2020","1","1","1","0","0.00","0","0","0","0","0",NULL,"0","0","0",NULL,"0",NULL
5,"Buyer5","User5","2026-01-01","2026-03-31","2026","1","0","0","0",NULL,"13","12","0","0","0","0.00","104040.00","98440.00","0",NULL,"0",NULL
6,"Buyer6","User6","2018-07-01","2018-09-30","2018","3","2","1","1","50.00","0","0","0","0","0",NULL,"0","0","0",NULL,"0",NULL
6,"Buyer6","User6","2018-10-01","2018-12-31","2018","4","1","1","1","100.00","0","0","2","0","2",NULL,"0","0","0",NULL,"0",NULL
6,"Buyer6","User6","2019-01-01","2019-03-31","2019","1","2","1","1","50.00","0","0","0","0","0",NULL,"0","0","0",NULL,"0",NULL
6,"Buyer6","User6","2019-04-01","2019-06-30","2019","2","1","1","1","100.00","0","0","1","2","1",NULL,"0","0","29160.00","14580.00","3260.00","12.58"
6,"Buyer6","User6","2020-01-01","2020-03-31","2020","1","1","0","0","0.00","0","0","0","0","0",NULL,"0","0","0",NULL,"0",NULL
6,"Buyer6","User6","2026-01-01","2026-03-31","2026","1","0","0","0",NULL,"5","4","0","0","0","0.00","54350.00","44850.00","0",NULL,"0",NULL
7,"Buyer7","User7","2018-07-01","2018-09-30","2018","3","2","2","2","100.00","0","0","1","1","1",NULL,"0","0","9935.00","9935.00","1485.00","17.57"
7,"Buyer7","User7","2018-10-01","2018-12-31","2018","4","1","1","1","100.00","0","0","2","1","2",NULL,"0","0","11035.00","11035.00","1685.00","18.02"
7,"Buyer7","User7","2019-01-01","2019-03-31","2019","1","2","2","2","100.00","0","0","1","0","1",NULL,"0","0","0",NULL,"0",NULL
7,"Buyer7","User7","2019-04-01","2019-06-30","2019","2","1","1","0","0.00","0","0","0","1","0",NULL,"0","0","15435.00","15435.00","0",NULL
7,"Buyer7","User7","2020-01-01","2020-03-31","2020","1","1","1","1","100.00","0","0","1","0","1",NULL,"0","0","0",NULL,"0",NULL
7,"Buyer7","User7","2026-01-01","2026-03-31","2026","1","0","0","0",NULL,"6","6","0","0","0","0.00","68545.00","68545.00","0",NULL,"0",NULL
8,"Buyer8","User8","2018-07-01","2018-09-30","2018","3","2","2","2","100.00","0","0","1","1","1",NULL,"0","0","9240.00","9240.00","640.00","7.44"
8,"Buyer8","User8","2018-10-01","2018-12-31","2018","4","1","0","0","0.00","0","0","1","1","1",NULL,"0","0","10340.00","10340.00","840.00","8.84"
8,"Buyer8","User8","2019-01-01","2019-03-31","2019","1","2","2","2","100.00","0","0","1","0","1",NULL,"0","0","0",NULL,"0",NULL
8,"Buyer8","User8","2019-04-01","2019-06-30","2019","2","1","0","0","0.00","0","0","1","0","1",NULL,"0","0","0",NULL,"0",NULL
8,"Buyer8","User8","2020-01-01","2020-03-31","2020","1","1","1","1","100.00","0","0","1","1","1",NULL,"0","0","19140.00","19140.00","3300.00","20.83"
8,"Buyer8","User8","2026-01-01","2026-03-31","2026","1","0","0","0",NULL,"6","5","0","0","0","0.00","75640.00","58040.00","0",NULL,"0",NULL
9,"Buyer9","User9","2018-07-01","2018-09-30","2018","3","2","2","1","50.00","0","0","0","1","0",NULL,"0","0","9545.00","9545.00","1095.00","12.96"
9,"Buyer9","User9","2018-10-01","2018-12-31","2018","4","1","1","1","100.00","0","0","2","2","1",NULL,"0","0","22390.00","11195.00","1195.00","11.33"
9,"Buyer9","User9","2019-01-01","2019-03-31","2019","1","2","2","1","50.00","0","0","1","1","1",NULL,"0","0","12845.00","12845.00","2540.00","24.65"
9,"Buyer9","User9","2019-04-01","2019-06-30","2019","2","1","1","1","100.00","0","0","2","0","1",NULL,"0","0","0",NULL,"0",NULL
9,"Buyer9","User9","2020-01-01","2020-03-31","2020","1","1","1","1","100.00","0","0","1","1","1",NULL,"0","0","19445.00","19445.00","1995.00","11.43"
9,"Buyer9","User9","2026-01-01","2026-03-31","2026","1","0","0","0",NULL,"6","5","0","0","0","0.00","71755.00","60305.00","0",NULL,"0",NULL
10,"Buyer10","User10","2018-07-01","2018-09-30","2018","3","2","1","1","50.00","0","0","0","0","0",NULL,"0","0","0",NULL,"0",NULL
10,"Buyer10","User10","2018-10-01","2018-12-31","2018","4","1","1","1","100.00","0","0","1","1","1",NULL,"0","0","12050.00","12050.00","1350.00","12.62"
10,"Buyer10","User10","2019-01-01","2019-03-31","2019","1","2","1","1","50.00","0","0","1","1","1",NULL,"0","0","13150.00","13150.00","1550.00","13.36"
10,"Buyer10","User10","2019-04-01","2019-06-30","2019","2","1","1","1","100.00","0","0","1","0","1",NULL,"0","0","0",NULL,"0",NULL
10,"Buyer10","User10","2020-01-01","2020-03-31","2020","1","1","1","1","100.00","0","0","1","1","1",NULL,"0","0","19750.00","19750.00","2150.00","12.22"
10,"Buyer10","User10","2026-01-01","2026-03-31","2026","1","0","0","0",NULL,"5","5","0","0","0","0.00","62200.00","62200.00","0",NULL,"0",NULL
11,"Buyer11","User11","2018-07-01","2018-09-30","2018","3","1","1","0","0.00","0","0","1","0","0",NULL,"0","0","0",NULL,"0",NULL
11,"Buyer11","User11","2018-10-01","2018-12-31","2018","4","2","2","2","100.00","0","0","0","1","0",NULL,"0","0","12355.00","12355.00","1805.00","17.11"
11,"Buyer11","User11","2019-01-01","2019-03-31","2019","1","2","2","1","50.00","0","0","1","1","0",NULL,"0","0","13455.00","13455.00","0",NULL
11,"Buyer11","User11","2019-04-01","2019-06-30","2019","2","1","1","1","100.00","0","0","2","2","2",NULL,"0","0","30210.00","15105.00","5275.00","21.69"
11,"Buyer11","User11","2020-01-01","2020-03-31","2020","1","1","1","0","0.00","0","0","0","1","0",NULL,"0","0","20055.00","20055.00","0",NULL
11,"Buyer11","User11","2026-01-01","2026-03-31","2026","1","0","0","0",NULL,"5","4","0","0","0","0.00","57785.00","45135.00","0",NULL,"0",NULL
12,"Buyer12","User12","2018-07-01","2018-09-30","2018","3","1","0","0","0.00","0","0","0","0","0",NULL,"0","0","0",NULL,"0",NULL
12,"Buyer12","User12","2018-10-01","2018-12-31","2018","4","2","2","2","100.00","0","0","1","0","1",NULL,"0","0","0",NULL,"0",NULL
12,"Buyer12","User12","2019-01-01","2019-03-31","2019","1","1","0","0","0.00","0","0","0","0","0",NULL,"0","0","0",NULL,"0",NULL
12,"Buyer12","User12","2019-04-01","2019-06-30","2019","2","2","2","2","100.00","0","0","2","1","2",NULL,"0","0","13860.00","13860.00","1060.00","8.28"
12,"Buyer12","User12","2019-07-01","2019-09-30","2019","3","0","0","0",NULL,"0","0","0","1","0",NULL,"0","0","14960.00","14960.00","2630.00","21.33"
12,"Buyer12","User12","2020-01-01","2020-03-31","2020","1","1","0","0","0.00","0","0","0","0","0",NULL,"0","0","0",NULL,"0",NULL
12,"Buyer12","User12","2026-01-01","2026-03-31","2026","1","0","0","0",NULL,"5","4","0","0","0","0.00","59330.00","45630.00","0",NULL,"0",NULL
13,"Buyer13","User13","2018-07-01","2018-09-30","2018","3","1","1","1","100.00","0","0","1","1","1",NULL,"0","0","9765.00","9765.00","1015.00","11.60"
13,"Buyer13","User13","2018-10-01","2018-12-31","2018","4","2","2","1","50.00","0","0","2","0","1",NULL,"0","0","0",NULL,"0",NULL
13,"Buyer13","User13","2019-01-01","2019-03-31","2019","1","1","1","1","100.00","0","0","0","0","0",NULL,"0","0","0",NULL,"0",NULL
13,"Buyer13","User13","2019-04-01","2019-06-30","2019","2","2","2","1","50.00","0","0","1","1","0",NULL,"0","0","14165.00","14165.00","1515.00","11.98"
13,"Buyer13","User13","2019-07-01","2019-09-30","2019","3","0","0","0",NULL,"0","0","0","1","0",NULL,"0","0","15265.00","15265.00","0",NULL
13,"Buyer13","User13","2020-01-01","2020-03-31","2020","1","1","1","1","100.00","0","0","1","0","1",NULL,"0","0","0",NULL,"0",NULL
13,"Buyer13","User13","2026-01-01","2026-03-31","2026","1","0","0","0",NULL,"5","5","0","0","0","0.00","60550.00","60550.00","0",NULL,"0",NULL
14,"Buyer14","User14","2018-07-01","2018-09-30","2018","3","1","1","1","100.00","0","0","1","1","1",NULL,"0","0","10070.00","10070.00","1170.00","13.15"
14,"Buyer14","User14","2018-10-01","2018-12-31","2018","4","2","1","1","50.00","0","0","1","1","1",NULL,"0","0","11170.00","11170.00","1370.00","13.98"
14,"Buyer14","User14","2019-01-01","2019-03-31","2019","1","1","1","1","100.00","0","0","1","0","1",NULL,"0","0","0",NULL,"0",NULL
14,"Buyer14","User14","2019-04-01","2019-06-30","2019","2","2","1","1","50.00","0","0","0","0","0",NULL,"0","0","0",NULL,"0",NULL
14,"Buyer14","User14","2020-01-01","2020-03-31","2020","1","1","1","1","100.00","0","0","1","0","1",NULL,"0","0","0",NULL,"0",NULL
14,"Buyer14","User14","2026-01-01","2026-03-31","2026","1","0","0","0",NULL,"5","5","0","0","0","0.00","61300.00","61300.00","0",NULL,"0",NULL
15,"Buyer15","User15","2018-07-01","2018-09-30","2018","3","1","1","1","100.00","0","0","1","1","1",NULL,"0","0","10375.00","10375.00","2500.00","31.75"
15,"Buyer15","User15","2018-10-01","2018-12-31","2018","4","2","2","1","50.00","0","0","1","1","0",NULL,"0","0","11475.00","11475.00","0",NULL
15,"Buyer15","User15","2019-01-01","2019-03-31","2019","1","1","1","1","100.00","0","0","2","1","2",NULL,"0","0","12575.00","12575.00","1725.00","15.90"
15,"Buyer15","User15","2019-04-01","2019-06-30","2019","2","2","2","1","50.00","0","0","1","0","0",NULL,"0","0","0",NULL,"0",NULL
15,"Buyer15","User15","2020-01-01","2020-03-31","2020","1","1","1","1","100.00","0","0","1","1","1",NULL,"0","0","20275.00","20275.00","2525.00","14.23"
15,"Buyer15","User15","2026-01-01","2026-03-31","2026","1","0","0","0",NULL,"6","5","0","0","0","0.00","70825.00","62075.00","0",NULL,"0",NULL
16,"Buyer16","User16","2018-07-01","2018-09-30","2018","3","1","1","1","100.00","0","0","0","1","0",NULL,"0","0","9680.00","9680.00","780.00","8.76"
16,"Buyer16","User16","2018-10-01","2018-12-31","2018","4","2","1","1","50.00","0","0","0","0","0",NULL,"0","0","0",NULL,"0",NULL
16,"Buyer16","User16","2019-01-01","2019-03-31","2019","1","1","1","1","100.00","0","0","2","2","2",NULL,"0","0","24860.00","12430.00","1960.00","8.54"
16,"Buyer16","User16","2019-04-01","2019-06-30","2019","2","2","1","1","50.00","0","0","0","0","0",NULL,"0","0","0",NULL,"0",NULL
16,"Buyer16","User16","2019-07-01","2019-09-30","2019","3","0","0","0",NULL,"0","0","1","0","1",NULL,"0","0","0",NULL,"0",NULL
16,"Buyer16","User16","2020-01-01","2020-03-31","2020","1","1","1","1","100.00","0","0","1","1","1",NULL,"0","0","19580.00","19580.00","1680.00","9.39"
16,"Buyer16","User16","2026-01-01","2026-03-31","2026","1","0","0","0",NULL,"5","5","0","0","0","0.00","63700.00","63700.00","0",NULL,"0",NULL
17,"Buyer17","User17","2018-07-01","2018-09-30","2018","3","1","1","0","0.00","0","0","0","0","0",NULL,"0","0","0",NULL,"0",NULL
17,"Buyer17","User17","2018-10-01","2018-12-31","2018","4","2","2","2","100.00","0","0","0","1","0",NULL,"0","0","11085.00","11085.00","2130.00","23.79"
17,"Buyer17","User17","2019-01-01","2019-03-31","2019","1","1","1","0","0.00","0","0","2","2","1",NULL,"0","0","25470.00","12735.00","1335.00","12.30"
17,"Buyer17","User17","2019-04-01","2019-06-30","2019","2","2","2","2","100.00","0","0","1","1","1",NULL,"0","0","14385.00","14385.00","1435.00","11.08"
17,"Buyer17","User17","2019-07-01","2019-09-30","2019","3","0","0","0",NULL,"0","0","1","0","1",NULL,"0","0","0",NULL,"0",NULL
17,"Buyer17","User17","2020-01-01","2020-03-31","2020","1","1","1","0","0.00","0","0","1","1","0",NULL,"0","0","19885.00","19885.00","0",NULL
17,"Buyer17","User17","2026-01-01","2026-03-31","2026","1","0","0","0",NULL,"5","4","0","0","0","0.00","56555.00","46605.00","0",NULL,"0",NULL
18,"Buyer18","User18","2018-07-01","2018-09-30","2018","3","1","0","0","0.00","0","0","0","0","0",NULL,"0","0","0",NULL,"0",NULL
18,"Buyer18","User18","2018-10-01","2018-12-31","2018","4","2","2","2","100.00","0","0","0","0","0",NULL,"0","0","0",NULL,"0",NULL
18,"Buyer18","User18","2019-01-01","2019-03-31","2019","1","1","0","0","0.00","0","0","0","1","0",NULL,"0","0","12490.00","12490.00","2590.00","26.16"
18,"Buyer18","User18","2019-04-01","2019-06-30","2019","2","2","2","2","100.00","0","0","1","1","1",NULL,"0","0","14690.00","14690.00","1590.00","12.14"
18,"Buyer18","User18","2019-07-01","2019-09-30","2019","3","0","0","0",NULL,"0","0","1","1","1",NULL,"0","0","15790.00","15790.00","1790.00","12.79"
18,"Buyer18","User18","2020-01-01","2020-03-31","2020","1","1","0","0","0.00","0","0","0","0","0",NULL,"0","0","0",NULL,"0",NULL
18,"Buyer18","User18","2026-01-01","2026-03-31","2026","1","0","0","0",NULL,"5","4","0","0","0","0.00","58100.00","47100.00","0",NULL,"0",NULL
19,"Buyer19","User19","2018-07-01","2018-09-30","2018","3","1","1","1","100.00","0","0","1","0","1",NULL,"0","0","0",NULL,"0",NULL
19,"Buyer19","User19","2018-10-01","2018-12-31","2018","4","2","2","1","50.00","0","0","1","0","1",NULL,"0","0","0",NULL,"0",NULL
19,"Buyer19","User19","2019-01-01","2019-03-31","2019","1","1","1","1","100.00","0","0","0","1","0",NULL,"0","0","13895.00","13895.00","1845.00","15.31"
19,"Buyer19","User19","2019-04-01","2019-06-30","2019","2","2","2","1","50.00","0","0","1","1","1",NULL,"0","0","14995.00","14995.00","2045.00","15.79"
19,"Buyer19","User19","2019-07-01","2019-09-30","2019","3","0","0","0",NULL,"0","0","1","1","0",NULL,"0","0","16095.00","16095.00","0",NULL
19,"Buyer19","User19","2020-01-01","2020-03-31","2020","1","1","1","1","100.00","0","0","0","0","0",NULL,"0","0","0",NULL,"0",NULL
19,"Buyer19","User19","2026-01-01","2026-03-31","2026","1","0","0","0",NULL,"6","5","0","0","0","0.00","78295.00","60245.00","0",NULL,"0",NULL
20,"Buyer20","User20","2018-07-01","2018-09-30","2018","3","1","1","1","100.00","0","0","1","1","1",NULL,"0","0","9900.00","9900.00","700.00","7.61"
20,"Buyer20","User20","2018-10-01","2018-12-31","2018","4","2","1","1","50.00","0","0","1","0","1",NULL,"0","0","0",NULL,"0",NULL
20,"Buyer20","User20","2019-01-01","2019-03-31","2019","1","1","1","1","100.00","0","0","0","0","0",NULL,"0","0","0",NULL,"0",NULL
20,"Buyer20","User20","2019-04-01","2019-06-30","2019","2","2","1","1","50.00","0","0","0","1","0",NULL,"0","0","14300.00","14300.00","1200.00","9.16"
20,"Buyer20","User20","2020-01-01","2020-03-31","2020","1","1","1","1","100.00","0","0","1","0","1",NULL,"0","0","0",NULL,"0",NULL
20,"Buyer20","User20","2026-01-01","2026-03-31","2026","1","0","0","0",NULL,"6","5","0","0","0","0.00","73780.00","61580.00","0",NULL,"0",NULL
21,"Buyer21","User21","2020-01-01","2020-03-31","2020","1","1","1","1","100.00","0","0","1","0","1",NULL,"0","0","0",NULL,"0",NULL
21,"Buyer21","User21","2026-01-01","2026-03-31","2026","1","0","0","0",NULL,"1","1","0","0","0","0.00","18050.00","18050.00","0",NULL,"0",NULL
22,"Buyer22","User22","2020-01-01","2020-03-31","2020","1","1","1","1","100.00","0","0","1","1","1",NULL,"0","0","20410.00","20410.00","2210.00","12.14"
22,"Buyer22","User22","2026-01-01","2026-03-31","2026","1","0","0","0",NULL,"1","1","0","0","0","0.00","18200.00","18200.00","0",NULL,"0",NULL
23,"Buyer23","User23","2020-01-01","2020-03-31","2020","1","1","1","0","0.00","0","0","1","1","0",NULL,"0","0","20715.00","20715.00","0",NULL
24,"Buyer24","User24","2020-01-01","2020-03-31","2020","1","1","0","0","0.00","0","0","0","0","0",NULL,"0","0","0",NULL,"0",NULL
25,"Buyer25","User25","2020-01-01","2020-03-31","2020","1","1","1","1","100.00","0","0","0","0","0",NULL,"0","0","0",NULL,"0",NULL
25,"Buyer25","User25","2020-04-01","2020-06-30","2020","2","0","0","0",NULL,"0","0","0","1","0",NULL,"0","0","20325.00","20325.00","1975.00","10.76"
25,"Buyer25","User25","2026-01-01","2026-03-31","2026","1","0","0","0",NULL,"1","1","0","0","0","0.00","18350.00","18350.00","0",NULL,"0",NULL
26,"Buyer26","User26","2020-01-01","2020-03-31","2020","1","1","1","1","100.00","0","0","0","0","0",NULL,"0","0","0",NULL,"0",NULL
26,"Buyer26","User26","2026-01-01","2026-03-31","2026","1","0","0","0",NULL,"1","1","0","0","0","0.00","18500.00","18500.00","0",NULL,"0",NULL
27,"Buyer27","User27","2020-01-01","2020-03-31","2020","1","1","1","1","100.00","0","0","0","0","0",NULL,"0","0","0",NULL,"0",NULL
27,"Buyer27","User27","2020-04-01","2020-06-30","2020","2","0","0","0",NULL,"0","0","1","0","1",NULL,"0","0","0",NULL,"0",NULL
27,"Buyer27","User27","2026-01-01","2026-03-31","2026","1","0","0","0",NULL,"1","1","0","0","0","0.00","18350.00","18350.00","0",NULL,"0",NULL
28,"Buyer28","User28","2020-01-01","2020-03-31","2020","1","1","1","1","100.00","0","0","0","0","0",NULL,"0","0","0",NULL,"0",NULL
28,"Buyer28","User28","2020-04-01","2020-06-30","2020","2","0","0","0",NULL,"0","0","1","0","1",NULL,"0","0","0",NULL,"0",NULL
28,"Buyer28","User28","2026-01-01","2026-03-31","2026","1","0","0","0",NULL,"1","1","0","0","0","0.00","18500.00","18500.00","0",NULL,"0",NULL
29,"Buyer29","User29","2020-01-01","2020-03-31","2020","1","1","1","1","100.00","0","0","0","0","0",NULL,"0","0","0",NULL,"0",NULL
29,"Buyer29","User29","2020-04-01","2020-06-30","2020","2","0","0","0",NULL,"0","0","1","1","1",NULL,"0","0","20545.00","20545.00","3760.00","22.40"
29,"Buyer29","User29","2026-01-01","2026-03-31","2026","1","0","0","0",NULL,"1","1","0","0","0","0.00","16785.00","16785.00","0",NULL,"0",NULL
30,"Buyer30","User30","2020-01-01","2020-03-31","2020","1","1","0","0","0.00","0","0","0","0","0",NULL,"0","0","0",NULL,"0",NULL
31,"Buyer31","User31","2020-01-01","2020-03-31","2020","1","1","1","1","100.00","0","0","0","0","0",NULL,"0","0","0",NULL,"0",NULL
31,"Buyer31","User31","2020-04-01","2020-06-30","2020","2","0","0","0",NULL,"0","0","1","1","1",NULL,"0","0","21155.00","21155.00","2505.00","13.43"
31,"Buyer31","User31","2026-01-01","2026-03-31","2026","1","0","0","0",NULL,"1","1","0","0","0","0.00","18650.00","18650.00","0",NULL,"0",NULL
32,"Buyer32","User32","2020-01-01","2020-03-31","2020","1","1","1","1","100.00","0","0","0","0","0",NULL,"0","0","0",NULL,"0",NULL
32,"Buyer32","User32","2020-04-01","2020-06-30","2020","2","0","0","0",NULL,"0","0","0","1","0",NULL,"0","0","20460.00","20460.00","1660.00","8.83"
32,"Buyer32","User32","2026-01-01","2026-03-31","2026","1","0","0","0",NULL,"1","1","0","0","0","0.00","18800.00","18800.00","0",NULL,"0",NULL
33,"Buyer33","User33","2020-01-01","2020-03-31","2020","1","1","1","1","100.00","0","0","0","0","0",NULL,"0","0","0",NULL,"0",NULL
33,"Buyer33","User33","2026-01-01","2026-03-31","2026","1","0","0","0",NULL,"1","1","0","0","0","0.00","18650.00","18650.00","0",NULL,"0",NULL
34,"Buyer34","User34","2020-04-01","2020-06-30","2020","2","1","1","1","100.00","0","0","1","0","1",NULL,"0","0","0",NULL,"0",NULL
34,"Buyer34","User34","2026-01-01","2026-03-31","2026","1","0","0","0",NULL,"1","1","0","0","0","0.00","18800.00","18800.00","0",NULL,"0",NULL
35,"Buyer35","User35","2020-04-01","2020-06-30","2020","2","1","1","0","0.00","0","0","1","0","0",NULL,"0","0","0",NULL,"0",NULL
36,"Buyer36","User36","2020-04-01","2020-06-30","2020","2","1","0","0","0.00","0","0","0","0","0",NULL,"0","0","0",NULL,"0",NULL
37,"Buyer37","User37","2020-04-01","2020-06-30","2020","2","1","1","1","100.00","0","0","1","1","1",NULL,"0","0","20985.00","20985.00","2035.00","10.74"
37,"Buyer37","User37","2026-01-01","2026-03-31","2026","1","0","0","0",NULL,"1","1","0","0","0","0.00","18950.00","18950.00","0",NULL,"0",NULL
38,"Buyer38","User38","2020-04-01","2020-06-30","2020","2","1","1","1","100.00","0","0","1","1","1",NULL,"0","0","21290.00","21290.00","2190.00","11.47"
38,"Buyer38","User38","2026-01-01","2026-03-31","2026","1","0","0","0",NULL,"1","1","0","0","0","0.00","19100.00","19100.00","0",NULL,"0",NULL
39,"Buyer39","User39","2020-04-01","2020-06-30","2020","2","1","1","1","100.00","0","0","0","1","0",NULL,"0","0","21595.00","21595.00","2645.00","13.96"
39,"Buyer39","User39","2026-01-01","2026-03-31","2026","1","0","0","0",NULL,"1","1","0","0","0","0.00","18950.00","18950.00","0",NULL,"0",NULL
40,"Buyer40","User40","2020-04-01","2020-06-30","2020","2","1","1","1","100.00","0","0","0","0","0",NULL,"0","0","0",NULL,"0",NULL
40,"Buyer40","User40","2026-01-01","2026-03-31","2026","1","0","0","0",NULL,"2","1","0","0","0","0.00","36290.00","17190.00","0",NULL,"0",NULL
41,"Buyer41","User41","2020-04-01","2020-06-30","2020","2","1","1","0","0.00","0","0","1","0","0",NULL,"0","0","0",NULL,"0",NULL
42,"Buyer42","User42","2020-04-01","2020-06-30","2020","2","1","0","0","0.00","0","0","0","0","0",NULL,"0","0","0",NULL,"0",NULL
43,"Buyer43","User43","2020-04-01","2020-06-30","2020","2","1","1","1","100.00","0","0","1","1","1",NULL,"0","0","21815.00","21815.00","2565.00","13.32"
43,"Buyer43","User43","2026-01-01","2026-03-31","2026","1","0","0","0",NULL,"1","1","0","0","0","0.00","19250.00","19250.00","0",NULL,"0",NULL
44,"Buyer44","User44","2020-04-01","2020-06-30","2020","2","1","1","1","100.00","0","0","1","1","1",NULL,"0","0","21120.00","21120.00","1720.00","8.87"
44,"Buyer44","User44","2026-01-01","2026-03-31","2026","1","0","0","0",NULL,"1","1","0","0","0","0.00","19400.00","19400.00","0",NULL,"0",NULL
45,"Buyer45","User45","2020-04-01","2020-06-30","2020","2","1","1","1","100.00","0","0","1","1","1",NULL,"0","0","21425.00","21425.00","2175.00","11.30"
45,"Buyer45","User45","2026-01-01","2026-03-31","2026","1","0","0","0",NULL,"1","1","0","0","0","0.00","19250.00","19250.00","0",NULL,"0",NULL
46,"Buyer46","User46","2020-04-01","2020-06-30","2020","2","1","1","1","100.00","0","0","0","1","0",NULL,"0","0","21730.00","21730.00","2330.00","12.01"
46,"Buyer46","User46","2026-01-01","2026-03-31","2026","1","0","0","0",NULL,"1","1","0","0","0","0.00","19400.00","19400.00","0",NULL,"0",NULL
47,"Buyer47","User47","2020-04-01","2020-06-30","2020","2","1","1","0","0.00","0","0","0","0","0",NULL,"0","0","0",NULL,"0",NULL
48,"Buyer48","User48","2020-04-01","2020-06-30","2020","2","1","0","0","0.00","0","0","0","0","0",NULL,"0","0","0",NULL,"0",NULL
49,"Buyer49","User49","2020-04-01","2020-06-30","2020","2","1","1","1","100.00","0","0","1","0","1",NULL,"0","0","0",NULL,"0",NULL
49,"Buyer49","User49","2026-01-01","2026-03-31","2026","1","0","0","0",NULL,"1","1","0","0","0","0.00","19550.00","19550.00","0",NULL,"0",NULL
50,"Buyer50","User50","2020-04-01","2020-06-30","2020","2","1","1","1","100.00","0","0","1","1","1",NULL,"0","0","21950.00","21950.00","2250.00","11.42"
50,"Buyer50","User50","2026-01-01","2026-03-31","2026","1","0","0","0",NULL,"1","1","0","0","0","0.00","19700.00","19700.00","0",NULL,"0",NULL
51,"Buyer51","User51","2020-04-01","2020-06-30","2020","2","1","1","1","100.00","0","0","1","1","1",NULL,"0","0","22255.00","22255.00","4660.00","26.48"
51,"Buyer51","User51","2026-01-01","2026-03-31","2026","1","0","0","0",NULL,"2","1","0","0","0","0.00","37145.00","17595.00","0",NULL,"0",NULL
52,"Buyer52","User52","2020-04-01","2020-06-30","2020","2","1","1","1","100.00","0","0","1","1","1",NULL,"0","0","21560.00","21560.00","1860.00","9.44"
52,"Buyer52","User52","2026-01-01","2026-03-31","2026","1","0","0","0",NULL,"1","1","0","0","0","0.00","19700.00","19700.00","0",NULL,"0",NULL
53,"Buyer53","User53","2020-04-01","2020-06-30","2020","2","1","1","0","0.00","0","0","0","1","0",NULL,"0","0","21865.00","21865.00","0",NULL
54,"Buyer54","User54","2020-04-01","2020-06-30","2020","2","1","0","0","0.00","0","0","0","0","0",NULL,"0","0","0",NULL,"0",NULL
55,"Buyer55","User55","2020-04-01","2020-06-30","2020","2","1","1","1","100.00","0","0","1","0","1",NULL,"0","0","0",NULL,"0",NULL
55,"Buyer55","User55","2026-01-01","2026-03-31","2026","1","0","0","0",NULL,"1","1","0","0","0","0.00","19850.00","19850.00","0",NULL,"0",NULL
56,"Buyer56","User56","2020-04-01","2020-06-30","2020","2","1","1","1","100.00","0","0","1","0","1",NULL,"0","0","0",NULL,"0",NULL
56,"Buyer56","User56","2026-01-01","2026-03-31","2026","1","0","0","0",NULL,"1","1","0","0","0","0.00","20000.00","20000.00","0",NULL,"0",NULL
57,"Buyer57","User57","2020-04-01","2020-06-30","2020","2","1","1","1","100.00","0","0","1","0","1",NULL,"0","0","0",NULL,"0",NULL
57,"Buyer57","User57","2020-07-01","2020-09-30","2020","3","0","0","0",NULL,"0","0","0","1","0",NULL,"0","0","22085.00","22085.00","2235.00","11.26"
57,"Buyer57","User57","2026-01-01","2026-03-31","2026","1","0","0","0",NULL,"1","1","0","0","0","0.00","19850.00","19850.00","0",NULL,"0",NULL
58,"Buyer58","User58","2020-04-01","2020-06-30","2020","2","1","1","1","100.00","0","0","0","0","0",NULL,"0","0","0",NULL,"0",NULL
58,"Buyer58","User58","2020-07-01","2020-09-30","2020","3","0","0","0",NULL,"0","0","1","1","1",NULL,"0","0","22390.00","22390.00","2390.00","11.95"
58,"Buyer58","User58","2026-01-01","2026-03-31","2026","1","0","0","0",NULL,"1","1","0","0","0","0.00","20000.00","20000.00","0",NULL,"0",NULL
59,"Buyer59","User59","2020-04-01","2020-06-30","2020","2","1","1","0","0.00","0","0","0","0","0",NULL,"0","0","0",NULL,"0",NULL
59,"Buyer59","User59","2020-07-01","2020-09-30","2020","3","0","0","0",NULL,"0","0","1","1","0",NULL,"0","0","22695.00","22695.00","0",NULL
60,"Buyer60","User60","2020-04-01","2020-06-30","2020","2","1","0","0","0.00","0","0","0","0","0",NULL,"0","0","0",NULL,"0",NULL
61,"Buyer61","User61","2019-04-01","2019-06-30","2019","2","1","1","1","100.00","0","0","0","0","0",NULL,"0","0","0",NULL,"0",NULL
61,"Buyer61","User61","2019-07-01","2019-09-30","2019","3","0","0","0",NULL,"0","0","0","1","0",NULL,"0","0","15705.00","15705.00","1555.00","10.99"
61,"Buyer61","User61","2026-01-01","2026-03-31","2026","1","0","0","0",NULL,"1","1","0","0","0","0.00","14150.00","14150.00","0",NULL,"0",NULL
62,"Buyer62","User62","2019-07-01","2019-09-30","2019","3","1","1","1","100.00","0","0","0","0","0",NULL,"0","0","0",NULL,"0",NULL
62,"Buyer62","User62","2026-01-01","2026-03-31","2026","1","0","0","0",NULL,"1","1","0","0","0","0.00","14300.00","14300.00","0",NULL,"0",NULL
63,"Buyer63","User63","2019-07-01","2019-09-30","2019","3","1","1","1","100.00","0","0","1","0","1",NULL,"0","0","0",NULL,"0",NULL
63,"Buyer63","User63","2026-01-01","2026-03-31","2026","1","0","0","0",NULL,"2","1","0","0","0","0.00","26885.00","12735.00","0",NULL,"0",NULL
64,"Buyer64","User64","2019-07-01","2019-09-30","2019","3","1","1","1","100.00","0","0","1","0","1",NULL,"0","0","0",NULL,"0",NULL
64,"Buyer64","User64","2026-01-01","2026-03-31","2026","1","0","0","0",NULL,"1","1","0","0","0","0.00","14300.00","14300.00","0",NULL,"0",NULL
65,"Buyer65","User65","2019-07-01","2019-09-30","2019","3","1","1","0","0.00","0","0","1","1","0",NULL,"0","0","15925.00","15925.00","0",NULL
66,"Buyer66","User66","2019-07-01","2019-09-30","2019","3","1","0","0","0.00","0","0","0","0","0",NULL,"0","0","0",NULL,"0",NULL
67,"Buyer67","User67","2019-07-01","2019-09-30","2019","3","1","1","1","100.00","0","0","1","1","1",NULL,"0","0","16535.00","16535.00","2085.00","14.43"
67,"Buyer67","User67","2026-01-01","2026-03-31","2026","1","0","0","0",NULL,"1","1","0","0","0","0.00","14450.00","14450.00","0",NULL,"0",NULL
68,"Buyer68","User68","2019-07-01","2019-09-30","2019","3","1","1","1","100.00","0","0","0","1","0",NULL,"0","0","15840.00","15840.00","1240.00","8.49"
68,"Buyer68","User68","2026-01-01","2026-03-31","2026","1","0","0","0",NULL,"1","1","0","0","0","0.00","14600.00","14600.00","0",NULL,"0",NULL
69,"Buyer69","User69","2019-07-01","2019-09-30","2019","3","1","1","1","100.00","0","0","0","0","0",NULL,"0","0","0",NULL,"0",NULL
69,"Buyer69","User69","2026-01-01","2026-03-31","2026","1","0","0","0",NULL,"1","1","0","0","0","0.00","14450.00","14450.00","0",NULL,"0",NULL
70,"Buyer70","User70","2019-07-01","2019-09-30","2019","3","1","1","1","100.00","0","0","1","0","1",NULL,"0","0","0",NULL,"0",NULL
70,"Buyer70","User70","2026-01-01","2026-03-31","2026","1","0","0","0",NULL,"1","1","0","0","0","0.00","14600.00","14600.00","0",NULL,"0",NULL
71,"Buyer71","User71","2019-07-01","2019-09-30","2019","3","1","1","0","0.00","0","0","1","0","0",NULL,"0","0","0",NULL,"0",NULL
72,"Buyer72","User72","2019-07-01","2019-09-30","2019","3","1","0","0","0.00","0","0","0","0","0",NULL,"0","0","0",NULL,"0",NULL
73,"Buyer73","User73","2019-07-01","2019-09-30","2019","3","1","1","1","100.00","0","0","1","1","1",NULL,"0","0","16365.00","16365.00","1615.00","10.95"
73,"Buyer73","User73","2026-01-01","2026-03-31","2026","1","0","0","0",NULL,"1","1","0","0","0","0.00","14750.00","14750.00","0",NULL,"0",NULL
74,"Buyer74","User74","2019-07-01","2019-09-30","2019","3","1","1","1","100.00","0","0","1","1","1",NULL,"0","0","16670.00","16670.00","3260.00","24.31"
74,"Buyer74","User74","2026-01-01","2026-03-31","2026","1","0","0","0",NULL,"2","1","0","0","0","0.00","28310.00","13410.00","0",NULL,"0",NULL
75,"Buyer75","User75","2019-07-01","2019-09-30","2019","3","1","1","1","100.00","0","0","0","1","0",NULL,"0","0","16975.00","16975.00","2225.00","15.08"
75,"Buyer75","User75","2026-01-01","2026-03-31","2026","1","0","0","0",NULL,"1","1","0","0","0","0.00","14750.00","14750.00","0",NULL,"0",NULL
76,"Buyer76","User76","2019-07-01","2019-09-30","2019","3","1","1","1","100.00","0","0","0","0","0",NULL,"0","0","0",NULL,"0",NULL
76,"Buyer76","User76","2026-01-01","2026-03-31","2026","1","0","0","0",NULL,"1","1","0","0","0","0.00","14900.00","14900.00","0",NULL,"0",NULL
77,"Buyer77","User77","2019-07-01","2019-09-30","2019","3","1","1","0","0.00","0","0","1","0","0",NULL,"0","0","0",NULL,"0",NULL
78,"Buyer78","User78","2019-07-01","2019-09-30","2019","3","1","0","0","0.00","0","0","0","0","0",NULL,"0","0","0",NULL,"0",NULL
79,"Buyer79","User79","2019-07-01","2019-09-30","2019","3","1","1","1","100.00","0","0","1","1","1",NULL,"0","0","17195.00","17195.00","2145.00","14.25"
79,"Buyer79","User79","2026-01-01","2026-03-31","2026","1","0","0","0",NULL,"1","1","0","0","0","0.00","15050.00","15050.00","0",NULL,"0",NULL
80,"Buyer80","User80","2019-07-01","2019-09-30","2019","3","1","1","1","100.00","0","0","1","1","1",NULL,"0","0","16500.00","16500.00","1300.00","8.55"
80,"Buyer80","User80","2026-01-01","2026-03-31","2026","1","0","0","0",NULL,"1","1","0","0","0","0.00","15200.00","15200.00","0",NULL,"0",NULL
81,"Buyer81","User81","2019-07-01","2019-09-30","2019","3","1","1","1","100.00","0","0","1","1","1",NULL,"0","0","16805.00","16805.00","1755.00","11.66"
81,"Buyer81","User81","2026-01-01","2026-03-31","2026","1","0","0","0",NULL,"1","1","0","0","0","0.00","15050.00","15050.00","0",NULL,"0",NULL
82,"Buyer82","User82","2019-07-01","2019-09-30","2019","3","1","1","1","100.00","0","0","0","1","0",NULL,"0","0","17110.00","17110.00","1910.00","12.57"
82,"Buyer82","User82","2026-01-01","2026-03-31","2026","1","0","0","0",NULL,"1","1","0","0","0","0.00","15200.00","15200.00","0",NULL,"0",NULL
83,"Buyer83","User83","2019-07-01","2019-09-30","2019","3","1","1","0","0.00","0","0","0","0","0",NULL,"0","0","0",NULL,"0",NULL
84,"Buyer84","User84","2019-07-01","2019-09-30","2019","3","1","0","0","0.00","0","0","0","0","0",NULL,"0","0","0",NULL,"0",NULL
85,"Buyer85","User85","2019-07-01","2019-09-30","2019","3","1","1","1","100.00","0","0","1","0","1",NULL,"0","0","0",NULL,"0",NULL
85,"Buyer85","User85","2026-01-01","2026-03-31","2026","1","0","0","0",NULL,"2","1","0","0","0","0.00","29165.00","13815.00","0",NULL,"0",NULL
86,"Buyer86","User86","2019-07-01","2019-09-30","2019","3","1","1","1","100.00","0","0","0","0","0",NULL,"0","0","0",NULL,"0",NULL
86,"Buyer86","User86","2019-10-01","2019-12-31","2019","4","0","0","0",NULL,"0","0","1","1","1",NULL,"0","0","17330.00","17330.00","1830.00","11.81"
86,"Buyer86","User86","2026-01-01","2026-03-31","2026","1","0","0","0",NULL,"1","1","0","0","0","0.00","15500.00","15500.00","0",NULL,"0",NULL
87,"Buyer87","User87","2019-07-01","2019-09-30","2019","3","1","1","1","100.00","0","0","0","0","0",NULL,"0","0","0",NULL,"0",NULL
87,"Buyer87","User87","2019-10-01","2019-12-31","2019","4","0","0","0",NULL,"0","0","1","1","1",NULL,"0","0","17635.00","17635.00","2285.00","14.89"
87,"Buyer87","User87","2026-01-01","2026-03-31","2026","1","0","0","0",NULL,"1","1","0","0","0","0.00","15350.00","15350.00","0",NULL,"0",NULL
88,"Buyer88","User88","2019-07-01","2019-09-30","2019","3","1","1","1","100.00","0","0","0","0","0",NULL,"0","0","0",NULL,"0",NULL
88,"Buyer88","User88","2019-10-01","2019-12-31","2019","4","0","0","0",NULL,"0","0","1","1","1",NULL,"0","0","16940.00","16940.00","1440.00","9.29"
88,"Buyer88","User88","2026-01-01","2026-03-31","2026","1","0","0","0",NULL,"1","1","0","0","0","0.00","15500.00","15500.00","0",NULL,"0",NULL
89,"Buyer89","User89","2019-07-01","2019-09-30","2019","3","1","1","0","0.00","0","0","0","0","0",NULL,"0","0","0",NULL,"0",NULL
89,"Buyer89","User89","2019-10-01","2019-12-31","2019","4","0","0","0",NULL,"0","0","0","1","0",NULL,"0","0","17245.00","17245.00","0",NULL
90,"Buyer90","User90","2019-07-01","2019-09-30","2019","3","1","0","0","0.00","0","0","0","0","0",NULL,"0","0","0",NULL,"0",NULL
91,"Buyer91","User91","2019-07-01","2019-09-30","2019","3","1","1","1","100.00","0","0","0","0","0",NULL,"0","0","0",NULL,"0",NULL
91,"Buyer91","User91","2019-10-01","2019-12-31","2019","4","0","0","0",NULL,"0","0","1","0","1",NULL,"0","0","0",NULL,"0",NULL
91,"Buyer91","User91","2026-01-01","2026-03-31","2026","1","0","0","0",NULL,"1","1","0","0","0","0.00","15650.00","15650.00","0",NULL,"0",NULL
92,"Buyer92","User92","2019-07-01","2019-09-30","2019","3","1","1","1","100.00","0","0","0","0","0",NULL,"0","0","0",NULL,"0",NULL
92,"Buyer92","User92","2019-10-01","2019-12-31","2019","4","0","0","0",NULL,"0","0","1","0","1",NULL,"0","0","0",NULL,"0",NULL
92,"Buyer92","User92","2026-01-01","2026-03-31","2026","1","0","0","0",NULL,"1","1","0","0","0","0.00","15800.00","15800.00","0",NULL,"0",NULL
93,"Buyer93","User93","2019-10-01","2019-12-31","2019","4","1","1","1","100.00","0","0","1","1","1",NULL,"0","0","17465.00","17465.00","1815.00","11.60"
93,"Buyer93","User93","2026-01-01","2026-03-31","2026","1","0","0","0",NULL,"1","1","0","0","0","0.00","15650.00","15650.00","0",NULL,"0",NULL
94,"Buyer94","User94","2019-10-01","2019-12-31","2019","4","1","1","1","100.00","0","0","1","1","1",NULL,"0","0","17770.00","17770.00","1970.00","12.47"
94,"Buyer94","User94","2026-01-01","2026-03-31","2026","1","0","0","0",NULL,"1","1","0","0","0","0.00","15800.00","15800.00","0",NULL,"0",NULL
95,"Buyer95","User95","2019-10-01","2019-12-31","2019","4","1","1","1","100.00","0","0","1","1","1",NULL,"0","0","18075.00","18075.00","3720.00","25.91"
95,"Buyer95","User95","2026-01-01","2026-03-31","2026","1","0","0","0",NULL,"1","1","0","0","0","0.00","14355.00","14355.00","0",NULL,"0",NULL
96,"Buyer96","User96","2019-10-01","2019-12-31","2019","4","1","0","0","0.00","0","0","0","0","0",NULL,"0","0","0",NULL,"0",NULL
97,"Buyer97","User97","2019-10-01","2019-12-31","2019","4","1","1","1","100.00","0","0","0","0","0",NULL,"0","0","0",NULL,"0",NULL
97,"Buyer97","User97","2026-01-01","2026-03-31","2026","1","0","0","0",NULL,"1","1","0","0","0","0.00","15950.00","15950.00","0",NULL,"0",NULL
98,"Buyer98","User98","2019-10-01","2019-12-31","2019","4","1","1","1","100.00","0","0","1","0","1",NULL,"0","0","0",NULL,"0",NULL
98,"Buyer98","User98","2026-01-01","2026-03-31","2026","1","0","0","0",NULL,"1","1","0","0","0","0.00","16100.00","16100.00","0",NULL,"0",NULL
99,"Buyer99","User99","2019-10-01","2019-12-31","2019","4","1","1","1","100.00","0","0","1","0","1",NULL,"0","0","0",NULL,"0",NULL
99,"Buyer99","User99","2026-01-01","2026-03-31","2026","1","0","0","0",NULL,"1","1","0","0","0","0.00","15950.00","15950.00","0",NULL,"0",NULL
100,"Buyer100","User100","2019-10-01","2019-12-31","2019","4","1","1","1","100.00","0","0","1","1","1",NULL,"0","0","17600.00","17600.00","1500.00","9.32"
100,"Buyer100","User100","2026-01-01","2026-03-31","2026","1","0","0","0",NULL,"1","1","0","0","0","0.00","16100.00","16100.00","0",NULL,"0",NULL
101,"Buyer101","User101","2019-10-01","2019-12-31","2019","4","1","1","0","0.00","0","0","1","1","0",NULL,"0","0","17905.00","17905.00","0",NULL
102,"Buyer102","User102","2019-10-01","2019-12-31","2019","4","1","0","0","0.00","0","0","0","0","0",NULL,"0","0","0",NULL,"0",NULL
103,"Buyer103","User103","2019-10-01","2019-12-31","2019","4","1","1","1","100.00","0","0","0","1","0",NULL,"0","0","18515.00","18515.00","2265.00","13.94"
103,"Buyer103","User103","2026-01-01","2026-03-31","2026","1","0","0","0",NULL,"1","1","0","0","0","0.00","16250.00","16250.00","0",NULL,"0",NULL
104,"Buyer104","User104","2019-10-01","2019-12-31","2019","4","1","1","1","100.00","0","0","0","0","0",NULL,"0","0","0",NULL,"0",NULL
104,"Buyer104","User104","2026-01-01","2026-03-31","2026","1","0","0","0",NULL,"1","1","0","0","0","0.00","16400.00","16400.00","0",NULL,"0",NULL
105,"Buyer105","User105","2019-10-01","2019-12-31","2019","4","1","1","1","100.00","0","0","1","0","1",NULL,"0","0","0",NULL,"0",NULL
105,"Buyer105","User105","2026-01-01","2026-03-31","2026","1","0","0","0",NULL,"1","1","0","0","0","0.00","16250.00","16250.00","0",NULL,"0",NULL
106,"Buyer106","User106","2019-10-01","2019-12-31","2019","4","1","1","1","100.00","0","0","1","0","1",NULL,"0","0","0",NULL,"0",NULL
106,"Buyer106","User106","2026-01-01","2026-03-31","2026","1","0","0","0",NULL,"2","1","0","0","0","0.00","31160.00","14760.00","0",NULL,"0",NULL
107,"Buyer107","User107","2019-10-01","2019-12-31","2019","4","1","1","0","0.00","0","0","1","1","0",NULL,"0","0","18735.00","18735.00","0",NULL
108,"Buyer108","User108","2019-10-01","2019-12-31","2019","4","1","0","0","0.00","0","0","0","0","0",NULL,"0","0","0",NULL,"0",NULL
109,"Buyer109","User109","2019-10-01","2019-12-31","2019","4","1","1","1","100.00","0","0","1","1","1",NULL,"0","0","18345.00","18345.00","1795.00","10.85"
109,"Buyer109","User109","2026-01-01","2026-03-31","2026","1","0","0","0",NULL,"1","1","0","0","0","0.00","16550.00","16550.00","0",NULL,"0",NULL
110,"Buyer110","User110","2019-10-01","2019-12-31","2019","4","1","1","1","100.00","0","0","0","1","0",NULL,"0","0","18650.00","18650.00","1950.00","11.68"
110,"Buyer110","User110","2026-01-01","2026-03-31","2026","1","0","0","0",NULL,"1","1","0","0","0","0.00","16700.00","16700.00","0",NULL,"0",NULL
111,"Buyer111","User111","2019-10-01","2019-12-31","2019","4","1","1","1","100.00","0","0","0","0","0",NULL,"0","0","0",NULL,"0",NULL
111,"Buyer111","User111","2026-01-01","2026-03-31","2026","1","0","0","0",NULL,"1","1","0","0","0","0.00","16550.00","16550.00","0",NULL,"0",NULL
112,"Buyer112","User112","2019-10-01","2019-12-31","2019","4","1","1","1","100.00","0","0","1","0","1",NULL,"0","0","0",NULL,"0",NULL
112,"Buyer112","User112","2026-01-01","2026-03-31","2026","1","0","0","0",NULL,"1","1","0","0","0","0.00","16700.00","16700.00","0",NULL,"0",NULL
113,"Buyer113","User113","2019-10-01","2019-12-31","2019","4","1","1","0","0.00","0","0","1","0","0",NULL,"0","0","0",NULL,"0",NULL
114,"Buyer114","User114","2019-10-01","2019-12-31","2019","4","1","0","0","0.00","0","0","0","0","0",NULL,"0","0","0",NULL,"0",NULL
115,"Buyer115","User115","2019-10-01","2019-12-31","2019","4","1","1","1","100.00","0","0","1","0","1",NULL,"0","0","0",NULL,"0",NULL
115,"Buyer115","User115","2020-01-01","2020-03-31","2020","1","0","0","0",NULL,"0","0","0","1","0",NULL,"0","0","19175.00","19175.00","2325.00","13.80"
115,"Buyer115","User115","2026-01-01","2026-03-31","2026","1","0","0","0",NULL,"1","1","0","0","0","0.00","16850.00","16850.00","0",NULL,"0",NULL
116,"Buyer116","User116","2019-10-01","2019-12-31","2019","4","1","1","1","100.00","0","0","1","0","1",NULL,"0","0","0",NULL,"0",NULL
116,"Buyer116","User116","2020-01-01","2020-03-31","2020","1","0","0","0",NULL,"0","0","0","1","0",NULL,"0","0","18480.00","18480.00","1480.00","8.71"
116,"Buyer116","User116","2026-01-01","2026-03-31","2026","1","0","0","0",NULL,"1","1","0","0","0","0.00","17000.00","17000.00","0",NULL,"0",NULL
117,"Buyer117","User117","2019-10-01","2019-12-31","2019","4","1","1","1","100.00","0","0","0","0","0",NULL,"0","0","0",NULL,"0",NULL
117,"Buyer117","User117","2020-01-01","2020-03-31","2020","1","0","0","0",NULL,"0","0","0","1","0",NULL,"0","0","18785.00","18785.00","3620.00","23.87"
117,"Buyer117","User117","2026-01-01","2026-03-31","2026","1","0","0","0",NULL,"2","1","0","0","0","0.00","32015.00","15165.00","0",NULL,"0",NULL
118,"Buyer118","User118","2019-10-01","2019-12-31","2019","4","1","1","1","100.00","0","0","0","0","0",NULL,"0","0","0",NULL,"0",NULL
118,"Buyer118","User118","2026-01-01","2026-03-31","2026","1","0","0","0",NULL,"1","1","0","0","0","0.00","17000.00","17000.00","0",NULL,"0",NULL
119,"Buyer119","User119","2019-10-01","2019-12-31","2019","4","1","1","0","0.00","0","0","0","0","0",NULL,"0","0","0",NULL,"0",NULL
119,"Buyer119","User119","2020-01-01","2020-03-31","2020","1","0","0","0",NULL,"0","0","1","0","0",NULL,"0","0","0",NULL,"0",NULL
120,"Buyer120","User120","2019-10-01","2019-12-31","2019","4","1","0","0","0.00","0","0","0","0","0",NULL,"0","0","0",NULL,"0",NULL
